Sku,Style,Size,Color,Material,Price,Inventory,Tags,Image1,Image2,Image3,Image4
D021,19TH / 20TH CENTURY,29 H X 43 W X 21 D,WHITE / RED,WOOD,120,X1,"COUNTRY,DESK,SHABBY CHIC",https://cdn.shopify.com/s/files/1/0568/0640/8390/products/desk001.jpg?v=1646169995,,,
CH409,20TH CENTURY,27.5 W X 40.5 H X 22 D,DARK,"WOOD, CANE,",105,X1,"DESK,OFFICE,SEATING",https://cdn.shopify.com/s/files/1/0568/0640/8390/products/IMG_8820.jpg?v=1647464340,https://cdn.shopify.com/s/files/1/0568/0640/8390/products/IMG_8819.jpg?v=1647464340,,
CH474,20TH CENTURY,24W X 21D X 34.5H,BLACK,METAL / VINYL,45,X4,"DESK,METAL CHAIR,METAL CHAIRS,OFFICE,ROLLING",https://cdn.shopify.com/s/files/1/0568/0640/8390/products/IMG_9052.jpg?v=1648077644,https://cdn.shopify.com/s/files/1/0568/0640/8390/products/IMG_9053.jpg?v=1648077644,,
DRSR073,,H:29 W:35 D:18,DARK WOOD,WOOD,240,X1,"DESK,DRESSER,VANITY",https://cdn.shopify.com/s/files/1/0568/0640/8390/products/bb1ZfzAl.jpg?v=1628284811,,,
DRSR075,,H:67 W:44 D:18,DARK WOOD,WOOD,150,X1,"DESK,DRESSER,VANITY",https://cdn.shopify.com/s/files/1/0568/0640/8390/products/8ISG85Hl.jpg?v=1628284822,,,
X265,,H:41 W:51 D:22,DARK WOOD,WOOD,240,X1,"DESK,DRESSER,VANITY",https://cdn.shopify.com/s/files/1/0568/0640/8390/products/IMG_1356.jpg?v=1666732927,https://cdn.shopify.com/s/files/1/0568/0640/8390/products/IMG_1357.jpg?v=1666732927,,
D001,"ROCOCO, EUROPEAN, LOUIS",31H X 67W X 36D,"MEDIUM, GOLD LEAF","WOOD, METAL",540,X1,"EXECUTIVE DESK,DESK,EUROPEAN,EXECUTIVE,LOUIS,OFFICE,ROCOCO",https://cdn.shopify.com/s/files/1/0568/0640/8390/products/UIINrMl.jpg?v=1624310455,,,
D002,"ROCOCO, EUROPEAN, LOUIS",33H X 62W X 34D,"MEDIUM/DARK, GOLD GREEN","WOOD, METAL, LEATHER",270,X1,"EXECUTIVE DESK,DESK,EUROPEAN,EXECUTIVE,LOUIS,OFFICE,ROCOCO",https://cdn.shopify.com/s/files/1/0568/0640/8390/products/cgs3kW2.jpg?v=1624310464,,,
D003,"19TH CENTURY, COLONIAL",30H X 72W X 41D,"MEDIUM, BLACK","WOOD, METAL, LEATHER",480,X1,"19TH CENTURY,EXECUTIVE DESK,PARTNERS DESK,COLONIAL,DESK,EXECUTIVE,GEORGIAN,LEATHER TOP,OFFICE,PARTNERS",https://cdn.shopify.com/s/files/1/0568/0640/8390/products/IMG_9708.jpg?v=1649364306,https://cdn.shopify.com/s/files/1/0568/0640/8390/products/IMG_9711.jpg?v=1649364357,https://cdn.shopify.com/s/files/1/0568/0640/8390/products/IMG_9713.jpg?v=1649364381,
D004,19TH CENTURY,32H X 79W X 40D,DARK,"ROSEWOOD, LEATHER",600,X1,"EXECUTIVE DESK,CARVED,DARK STAIN,DESK,EXECUTIVE,LEATHER TOP,MASCULINE,OFFICE,PIANO",https://cdn.shopify.com/s/files/1/0568/0640/8390/products/IMG_9698_8ba6734d-adb6-4046-bd88-a0bb864f21a5.jpg?v=1649364515,https://cdn.shopify.com/s/files/1/0568/0640/8390/products/IMG_9705.jpg?v=1649364515,https://cdn.shopify.com/s/files/1/0568/0640/8390/products/IMG_9707.jpg?v=1649364515,
D005,20TH CENTURY,32H X 71W X 37D,"MEDIUM, BRASS, GREEN","WOOD, METAL, LEATHER",360,X1,"EXECUTIVE DESK,PARTNERS DESK,BALL AND CLAW,DESK,EXECUTIVE,LEATHER TOP,OFFICE,PARTNERS,RED STAIN",https://cdn.shopify.com/s/files/1/0568/0640/8390/products/jNjABzm.jpg?v=1624310486,,,
D006,20TH CENTURY,31H X 73.5W X 44D,"LIGHT, RED","WOOD, METAL, LEATHER",540,X1,"EXECUTIVE DESK,PARTNERS DESK,DESK,LEATER TOP,PARTNERS,RED LEATHER",https://cdn.shopify.com/s/files/1/0568/0640/8390/products/rO5m6RJ.jpg?v=1624310492,,,
D007,20TH CENTURY,29H X 72W X 40D,"MEDIUM, BRASS","WOOD (MAPLE), METAL",390,X1,"EXECUTIVE DESK,BURL,DESK,EXECUTIVE",https://cdn.shopify.com/s/files/1/0568/0640/8390/products/u6u4WqT.jpg?v=1624310500,,,
D008,"20TH CENTURY, DECO",30.5H X 65.5W X 37.5D,"MEDIUM, BRASS","WOOD (BURL), METAL",475,X1,"EXECUTIVE DESK,BURL,DECO,DESK,EXEUTIVE",https://cdn.shopify.com/s/files/1/0568/0640/8390/products/IMG_8906.jpg?v=1647461344,https://cdn.shopify.com/s/files/1/0568/0640/8390/products/IMG_8908.jpg?v=1647461344,https://cdn.shopify.com/s/files/1/0568/0640/8390/products/IMG_6281.jpg?v=1647472835,
D009,"20TH CENTURY, 70S",29H X 73.5W X 44D,"MEDIUM, BLACK","WOOD, METAL",210,X1,"1970S,70'S,EXECUTIVE DESK,DESK,OFFICE",https://cdn.shopify.com/s/files/1/0568/0640/8390/products/tipoAcN.jpg?v=1624310515,,,
D011,"20TH CENTURY, 70S",29.5H X 74W X 36D,MEDIUM,"WOOD, METAL",180,X1,"1970S,70'S,EXECUTIVE DESK,DESK,OFFICE",https://cdn.shopify.com/s/files/1/0568/0640/8390/products/7DV474Y.jpg?v=1624310537,,,
D013,20TH CENTURY,30H X 61W X 48D,LIGHT,WOOD (OAK),360,X1,"EXECUTIVE DESK,DESK,LIBRARY,OAK,OFFICE,PARTNERS,SCHOOL",https://cdn.shopify.com/s/files/1/0568/0640/8390/products/SzPDYvp.jpg?v=1624310545,,,
D014,14TH -16TH CENTURY,32H X 60W X 41D,DARK,WOOD,420,X1,"EXECUTIVE DESK,CARVED,CASTLE,DARK STAIN,DESK,GOTHIC,OFFICE,PARTNERS",https://cdn.shopify.com/s/files/1/0568/0640/8390/products/p1FpHGm.jpg?v=1624310550,,,
D015,20TH CENTURY,31H X 60W X 36D,"MEDIUM, GREEN","WOOD, LEATHER",360,X1,"EXECUTIVE DESK,PARTNERS DESK,DESK,GREEN LEATHER,LEATHER TOP,LIGHT STAIN,OFFICE,PARTNERS",https://cdn.shopify.com/s/files/1/0568/0640/8390/products/nq2q52i.jpg?v=1624310556,,,
D016,20TH CENTURY,30H X 61W X 48D,"DARK, CREAM","WOOD, METAL, LEATHER",330,X1,"EXECUTIVE DESK,PARTNERS DESK,DARK STAIN,DESK,LEATHER TOP,OFFICE,PARTNERS",https://cdn.shopify.com/s/files/1/0568/0640/8390/products/In5OG3J.jpg?v=1624310564,,,
D018,20TH CENTURY/ MIDCENTURY,29H X 78W X 42D,NATURAL WOOD/ TEAK,WOOD,210,X1,"EXECUTIVE DESK,DESK,MIDCENTURY,OFFICE,TEAK",https://cdn.shopify.com/s/files/1/0568/0640/8390/products/bceMHAw.jpg?v=1624310579,,,
D019,REPRODUCTION 20TH CENTURY,31H X 72W X 26D,NATURAL WOOD/ TEAK,WOOD,180,X1,"EXECUTIVE DESK,DESK,HIGH GLOSS,OFFICE,UNFINISHED BACK FAUX BURL",https://cdn.shopify.com/s/files/1/0568/0640/8390/products/ADvoTSA.jpg?v=1624310587,,,
D020,19TH -20TH CENTURY,29.5H X 59W X 31D,DARK WOOD,"WOOD, LEATHER",330,X1,"EXECUTIVE DESK,DARK WOOD,DESK,EXECUTIVE,FLUTED LEGS,LEATHER TOP,OFFICE",https://cdn.shopify.com/s/files/1/0568/0640/8390/products/fUinKUY.jpg?v=1624310599,,,
X233,19TH - 20TH CENTURY,31H X 59W X 34D,"MEDIUM, GREEN","WOOD, METAL, LEATHER",330,X1,"EXECUTIVE DESK,DESK,EXECUTIVE,LEATHER TOP,OFFICE",https://cdn.shopify.com/s/files/1/0568/0640/8390/products/IMG_0961.jpg?v=1664908863,https://cdn.shopify.com/s/files/1/0568/0640/8390/products/IMG_0970.jpg?v=1664908863,https://cdn.shopify.com/s/files/1/0568/0640/8390/products/IMG_0962.jpg?v=1664908864,https://cdn.shopify.com/s/files/1/0568/0640/8390/products/IMG_0968.jpg?v=1664908863
X252,20TH CENTURY,30H X 63W X 32D,"MEDIUM, BRASS",WOOD,240,X1,"EXECUTIVE DESK,BURL,DESK,EXECUTIVE",https://cdn.shopify.com/s/files/1/0568/0640/8390/products/IMG_1227.jpg?v=1666375948,https://cdn.shopify.com/s/files/1/0568/0640/8390/products/IMG_1228.jpg?v=1666375948,https://cdn.shopify.com/s/files/1/0568/0640/8390/products/IMG_1232.jpg?v=1666375948,https://cdn.shopify.com/s/files/1/0568/0640/8390/products/IMG_1233.jpg?v=1666375948
X253,20TH CENTURY,30H X 79W X 37D,"DARK, BRASS",WOOD,300,X1,"EXECUTIVE DESK,BURL,DESK,EXECUTIVE",https://cdn.shopify.com/s/files/1/0568/0640/8390/products/IMG_1248.jpg?v=1666376020,https://cdn.shopify.com/s/files/1/0568/0640/8390/products/IMG_1252.jpg?v=1666376020,https://cdn.shopify.com/s/files/1/0568/0640/8390/products/IMG_1258.jpg?v=1666376020,https://cdn.shopify.com/s/files/1/0568/0640/8390/products/IMG_1261.jpg?v=1666376020
T073,20TH CENTURY,30 H X 60 W X 30 D,LIGHT NATURAL,WOOD,120,X1,"BRASS,DRAWER,MASCULINE,MODERN,OAK,PAIR,SET,SQUARE LEG,DESK,MULTABLES,TABLE",https://cdn.shopify.com/s/files/1/0568/0640/8390/products/nCGvq07.jpg?v=1622743314,,,
T074,19TH _ 20TH CENTURY,30.5 H X 79 W X 38.5 D,MEDIUM NATURAL,WOOD,300,X1,"19TH _ 20TH CENTURY,DESK,MULTABLES,NATURAL,TABLE,WOOD",https://cdn.shopify.com/s/files/1/0568/0640/8390/products/IMG_9528.jpg?v=1649374581,https://cdn.shopify.com/s/files/1/0568/0640/8390/products/IMG_9529.jpg?v=1649374580,,
T075,20TH CENTURY,30.5 H X 79 W X 39.5 D,LIGHT NATURAL,WOOD,240,X2,"20TH CENTURY,DESK,MULTABLES,TABLE",https://cdn.shopify.com/s/files/1/0568/0640/8390/products/LhLpKhm.jpg?v=1622743330,,,
T076,19TH _ 20TH CENTURY,30 H X 79 W X 39 D,RED NATURAL,WOOD,180,X2,"19TH CENTURY,20TH CENTURY,AMERICAN,COUNTRY,DRAWER,PAIR,RUSTIC,SIMPLE,DESK,MULTABLES,TABLE",https://cdn.shopify.com/s/files/1/0568/0640/8390/products/IMG_93212.jpg?v=1648683188,https://cdn.shopify.com/s/files/1/0568/0640/8390/products/7T03DIu.jpg?v=1648683188,https://cdn.shopify.com/s/files/1/0568/0640/8390/products/IMG_9322.jpg?v=1648683195,
T077,19TH _ 20TH CENTURY,30 H X 71 W X 33 D,LIGHT NATURAL,WOOD,240,X2,"CARVED,COLONIAL,COUNTRY,OAK,DESK,MULTABLES,RUSTIC,SIMPLE,TABLE,ŸCOLONIAL,ŸCOUNTRY,ŸPAIR",https://cdn.shopify.com/s/files/1/0568/0640/8390/products/GlgXHeb.jpg?v=1622743343,,,
T078,20TH CENTURY,31 H X 72 W X 36 D,MEDIUM NATURAL,WOOD,240,X2,"DESIGN,MID-CENTURY,MODERN,PAIR,SLEEK,SQUARE LEG,TAPERED,DESK,MULTABLES,TABLE",https://cdn.shopify.com/s/files/1/0568/0640/8390/products/8tiqjfR.jpg?v=1622743361,,,
T079,18TH _ 20TH CENTURY,31 H X 72 W X 40 D,LIGHT NATURAL,WOOD,240,X2,"BLONDE,CARVED,COUNTRY,DESK,MULTABLES,RUSTIC,SIMPLE,TABLE,ŸCOUNTRY,ŸPAIR,ŸSCHOOL HOUSE",https://cdn.shopify.com/s/files/1/0568/0640/8390/products/wWJIAyc.jpg?v=1622743366,,,
T080,19TH _ 20TH CENTURY,31 H X 70.5 W X 31 D,LIGHT NATURAL,WOOD,240,X2,"CARVED,COLONIAL,COUNTRY,DESK,MULTABLES,RUSTIC,SIMPLE,TABLE,ŸCOLONIAL,ŸCOUNTRY,ŸPAIR",https://cdn.shopify.com/s/files/1/0568/0640/8390/products/FrTYJ2k.jpg?v=1622743371,,,
T305,19TH _ 20TH CENTURY,31 H X 95 W X 42 D,MEDIUM,WOOD,200,X1,"BRASS FEET,DESK,TABLE,ŸLIBRARY",https://cdn.shopify.com/s/files/1/0568/0640/8390/products/HJga5fR.jpg?v=1622743378,,,
T306,19TH _ 20TH CENTURY,31 H X 70 W X 40 D,MEDIUM,WOOD,240,X1,"CASTERS,DESK,TABLE,ŸLIBRARY,ŸSPUN LEGS",https://cdn.shopify.com/s/files/1/0568/0640/8390/products/CbP3iH0.jpg?v=1622743383,,,
T307,19TH _ 20TH CENTURY,31 H X 72 W X 36 D,MEDIUM,WOOD,180,X1,"OAK,DESK,TABLE,ŸBRASS FEET,ŸLIBRARY",https://cdn.shopify.com/s/files/1/0568/0640/8390/products/RpxOaGF.jpg?v=1622743390,,,
T308,19TH _ 20TH CENTURY,31 H X 72 W X 40 D,MEDIUM,WOOD,300,X1,"LIBRARY,OAK,DESK,TABLE,ŸQUARTER SAWN,ŸSPUN LEGS,ŸTRESTLE",https://cdn.shopify.com/s/files/1/0568/0640/8390/products/bvMkYbj.jpg?v=1622743402,,,
T309,19TH _ 20TH CENTURY,31 H X 78 W X 44 D,MEDIUM,WOOD,210,X1,"LIBRARY,OAK,DESK,TABLE,ŸQUARTER SAWN,ŸSPUN LEGS",https://cdn.shopify.com/s/files/1/0568/0640/8390/products/r4DK8Di.jpg?v=1622743409,,,
T310,19TH _ 20TH CENTURY,30 H X 60 W X 33 D,DARK,WOOD,180,X1,"LIBRARY,OAK,DESK,TABLE,ŸQUARTER SAWN,ŸSPUN LEGS,ŸTRESTLE",https://cdn.shopify.com/s/files/1/0568/0640/8390/products/JgDmVkV.jpg?v=1622743416,,,
T311,19TH _ 20TH CENTURY,31 H X 58 W X 30 D,MEDIUM,WOOD,120,X1,"OAK,DESK,TABLE,ŸLIBRARY,ŸQUARTER SAWN,ŸSPUN LEGS,ŸTRESTLE",https://cdn.shopify.com/s/files/1/0568/0640/8390/products/AJTBOzt.jpg?v=1622743422,,,
T312,19TH _ 20TH CENTURY,30 H X 60 W X 36 D,MEDIUM,WOOD,150,X1,"DESK,LIBRARY,OAK,TABLE",https://cdn.shopify.com/s/files/1/0568/0640/8390/products/DwgGUGZ.jpg?v=1622743427,,,
T313,19TH _ 20TH CENTURY,30 H X 60 W X 32 D,MEDIUM,WOOD,120,X1,"DESK,LIBRARY,OAK,TABLE",https://cdn.shopify.com/s/files/1/0568/0640/8390/products/RsWNzoX.jpg?v=1622743431,,,
T314,19TH _ 20TH CENTURY,31 H X 60 W X 34 D,MEDIUM,WOOD,120,X1,"BLACK TOP,OAK,DESK,TABLE",https://cdn.shopify.com/s/files/1/0568/0640/8390/products/umCqIlK.jpg?v=1622743436,,,
T315,19TH _ 20TH CENTURY,31 H X 60 W X 36 D,MEDIUM,WOOD,150,X2,"GREEN TOP,DESK,TABLE,ŸPAIR",https://cdn.shopify.com/s/files/1/0568/0640/8390/products/uE0JsE1.jpg?v=1622743440,,,
T316,19TH _ 20TH CENTURY,31 H X 50 W X 32 D,MEDIUM,WOOD,95,X1,"DESK,LIBRARY,OAK,TABLE",https://cdn.shopify.com/s/files/1/0568/0640/8390/products/KP7cWSv.jpg?v=1622743445,,,
T318,19TH _ 20TH CENTURY,30 H X 60 W X 30 D,MEDIUM,WOOD,120,X1,"20TH CENTURY,DESK,TABLE",https://cdn.shopify.com/s/files/1/0568/0640/8390/products/b8iUxxG.jpg?v=1622743452,,,
T319,19TH _ 20TH CENTURY,30.5 H X 60 W X 34.5 D,MEDIUM,WOOD,120,X1,"20TH CENTURY,DESK,LIBRARY,OAK,TABLE",https://cdn.shopify.com/s/files/1/0568/0640/8390/products/8bc6tuj.jpg?v=1622743457,,,
T320,19TH _ 20TH CENTURY,30 H X 48 W X 30 D,MEDIUM,WOOD,120,X1,"20TH CENTURY,DESK,TABLE",https://cdn.shopify.com/s/files/1/0568/0640/8390/products/XYPfUSV.jpg?v=1622743460,,,
T321,19TH _ 20TH CENTURY,30 H X 60 W X 30 D,MEDIUM,WOOD,120,X3,"20TH CENTURY,DESK,MULTABLES,TABLE",https://cdn.shopify.com/s/files/1/0568/0640/8390/products/IMG_9152.jpg?v=1647975633,https://cdn.shopify.com/s/files/1/0568/0640/8390/products/IMG_9153.jpg?v=1647975646,,
T322,19TH _ 20TH CENTURY,31 H X 60 W X 34 D,MEDIUM,WOOD,120,X1,"20TH CENTURY,DESK,TABLE",https://cdn.shopify.com/s/files/1/0568/0640/8390/products/D37Rort.jpg?v=1622743476,,,
T323,19TH _ 20TH CENTURY,30.5 H X 50 W X 30.5 D,MEDIUM,WOOD,120,X1,"20TH CENTURY,DESK,LIBRARY,TABLE",https://cdn.shopify.com/s/files/1/0568/0640/8390/products/7CE9Y7e.jpg?v=1622743486,,,
T324,19TH _ 20TH CENTURY,30 H X 48 W X 29 D,MEDIUM,WOOD,150,X1,"20TH CENTURY,DESK,TABLE",https://cdn.shopify.com/s/files/1/0568/0640/8390/products/Oos7EZP.jpg?v=1622743490,,,
T325,19TH _ 20TH CENTURY,30 H X 50 W X 32 D,MEDIUM,WOOD,120,X1,"20TH CENTURY,DESK,TABLE",https://cdn.shopify.com/s/files/1/0568/0640/8390/products/UWzCncp.jpg?v=1622743493,,,
T327,19TH _ 20TH CENTURY,30 H X 54 W X 20 D,MEDIUM,WOOD,120,X2,"20TH CENTURY,DESK,MULTABLES,TABLE,WOOD",https://cdn.shopify.com/s/files/1/0568/0640/8390/products/salApgE.jpg?v=1622743500,,,
T328,19TH _ 20TH CENTURY,32 H X 72 W X 24 D,MEDIUM,WOOD,210,X1,"DESK,LIBRARY,TABLE",https://cdn.shopify.com/s/files/1/0568/0640/8390/products/zaPDsyN.jpg?v=1622743523,,,
T329,19TH _ 20TH CENTURY,29 H X 40 W X 26 D,MEDIUM,WOOD,150,X1,"DESK,LIBRARY,TABLE",https://cdn.shopify.com/s/files/1/0568/0640/8390/products/3nIhQb7.jpg?v=1622743529,,,
T330,19TH _ 20TH CENTURY,29 H X 40 W X 26 D,MEDIUM,WOOD,150,X1,"DESK,LIBRARY,TABLE",https://cdn.shopify.com/s/files/1/0568/0640/8390/products/grcoo71.jpg?v=1622743536,,,
T331,19TH _ 20TH CENTURY,31 H X 72 W X 28 D,MEDIUM,WOOD,180,X1,"DESK,LIBRARY,TABLE",https://cdn.shopify.com/s/files/1/0568/0640/8390/products/qAXQ0cu.jpg?v=1622743541,,,
T332,19TH _ 20TH CENTURY,31 H X 120 W X 36.5 D,MEDIUM,WOOD,210,X1,"DESK,LIBRARY,TABLE",https://cdn.shopify.com/s/files/1/0568/0640/8390/products/IMG_9919.jpg?v=1657142236,https://cdn.shopify.com/s/files/1/0568/0640/8390/products/IMG_9923.jpg?v=1657142236,https://cdn.shopify.com/s/files/1/0568/0640/8390/products/IMG_9920.jpg?v=1657142248,
T348,19TH _ 20TH CENTURY,33 H X 84 W X 36 D,MEDIUM,WOOD,210,X1,"DESK,LIBRARY,TABLE",https://cdn.shopify.com/s/files/1/0568/0640/8390/products/Gt2PPKy.jpg?v=1622743560,,,
T349,19TH _ 20TH CENTURY,30 H X 93 W X 41 D,MEDIUM,WOOD,240,X1,"DESK,LIBRARY,TABLE",https://cdn.shopify.com/s/files/1/0568/0640/8390/products/uNXMOEl.jpg?v=1622743568,,,
DM001,CONTEMPORARY,30H X 60W X 30D,"BEIGE, BROWN",METAL,150,X1,"STEELCASE,BEIGE,BROWN,DESK,INDUSTRIAL,INSTITUTION,METAL,POLICE STATION,TANKER",https://cdn.shopify.com/s/files/1/0568/0640/8390/products/Wh1OXtf.jpg?v=1622744941,,,
DM002,CONTEMPORARY,29H X 50.5W X 30D,"BEIGE, BROWN",METAL,150,X1,"STEELCASE,BEIGE,BROWN,DESK,INDUSTRIAL,INSTITUTION,METAL,POLICE STATION,TANKER",https://cdn.shopify.com/s/files/1/0568/0640/8390/products/RGs8vVq.jpg?v=1622744947,,,
DM003,CONTEMPORARY,30H X 60W X 30D,"BEIGE, BROWN",METAL,150,X3,"STEELCASE,BROWN BEIGE,DESK,INDUSTRIAL,INSTITUTION,METAL,POLICE STATION,TANKER",https://cdn.shopify.com/s/files/1/0568/0640/8390/products/IMG_0390.jpg?v=1651879019,https://cdn.shopify.com/s/files/1/0568/0640/8390/products/IMG_0391.jpg?v=1651879020,,
DM004,"CONTEMPORARY, WORN",29H X 45.5W X 30D,"BEIGE, BROWN",METAL,150,X1,"STEELCASE,BEIGE,BROWN,DESK,INDUSTRIAL,INSTITUTION,METAL,POLICE STATION,TANKER",https://cdn.shopify.com/s/files/1/0568/0640/8390/products/BJL0T95.jpg?v=1622744958,,,
DM005,CONTEMPORARY,29H X 45.5W X 30D,GREY,METAL,150,X1,"STEELCASE,DESK,GREY,INDUSTRIAL,INSTITUTION,METAL,POLICE STATION,TANKER",https://cdn.shopify.com/s/files/1/0568/0640/8390/products/IbEkTJO.jpg?v=1622744961,,,
DM006,CONTEMPORARY,29H X 60W X 30D,GREY,METAL,150,X1,"STEELCASE,DESK,GREY,INDUSTRIAL,INSTITUTION,METAL,POLICE STATION,TANKER",https://cdn.shopify.com/s/files/1/0568/0640/8390/products/jGmhAR5.jpg?v=1622744966,,,
DM007,"CONTEMPORARY, WORN",29H X 60W X 30D,"GREY, WHITE",METAL,150,X1,"STEELCASE,DESK,GREY,INDUSTRIAL,INSTITUTION,METAL,POLICE STATION,TANKER,WHITE",https://cdn.shopify.com/s/files/1/0568/0640/8390/products/FYfBoZU.jpg?v=1622744971,,,
DM008,"CONTEMPORARY, WORN",29H X 60W X 30D,WHITE,METAL,150,X1,"STEELCASE,DESK,GREEN,INDUSTRIAL,INSTITUTION,METAL,POLICE STATION,TANKER",https://cdn.shopify.com/s/files/1/0568/0640/8390/products/xqZMzqk.jpg?v=1622744977,,,
DM009,CONTEMPORARY,31H X 60W X 30D,GREEN,METAL,150,X1,"STEELCASE,DESK,GREEN,INDUSTRIAL,INSTITUTION,METAL,POLICE STATION,TANKER",https://cdn.shopify.com/s/files/1/0568/0640/8390/products/LwjuEhP.jpg?v=1622744982,,,
DM011,CONTEMPORARY,29H X 60W X 30D,"WHITE, MEDIUM","METAL, WOOD",120,X2,"DESK,INSTITUTION,POLICE STAION,STEELCASE,WHITE,WOOD,WOOD GRAIN",https://cdn.shopify.com/s/files/1/0568/0640/8390/products/eTsLAGD.jpg?v=1622744986,,,
DM012,"CONTEMPORARY, WORN",29H X 60W X 30D,"BLACK, WOOD",METAL,120,X2,"BLACK 1980,DESK,INSTITUTION,POLICE STAION,STEELCASE,WOOD,WOOD GRAIN",https://cdn.shopify.com/s/files/1/0568/0640/8390/products/69jf9lk.jpg?v=1622744992,,,
DM013,CONTEMPORARY,30H X 60W X 30D,"BEIGE, BROWN",METAL,150,X2,"DESK,METAL DESK,POLICE STATION,TANKER",https://cdn.shopify.com/s/files/1/0568/0640/8390/products/IMG_0395.jpg?v=1651879809,https://cdn.shopify.com/s/files/1/0568/0640/8390/products/IMG_0394.jpg?v=1651879809,https://cdn.shopify.com/s/files/1/0568/0640/8390/products/IMG_0396.jpg?v=1651879809,https://cdn.shopify.com/s/files/1/0568/0640/8390/products/IMG_0397.jpg?v=1651879809
DM014,CONTEMPORARY,30H X 45.5W X 30.5D,"BEIGE, BROWN",METAL,120,X1,"DESK,METAL DESK,POLICE STATION,TANKER",https://cdn.shopify.com/s/files/1/0568/0640/8390/products/IMG_0401.jpg?v=1651879117,https://cdn.shopify.com/s/files/1/0568/0640/8390/products/IMG_0402.jpg?v=1651879117,,
X083,,31 H X 23 W X 23 D,"DARK/MEDIUM WOOD, BLACK LEATHER SEAT",WOOD AND LEATHER,65,X1,"CLIENT,OFFICE,CLIENT CHAIR,DESK,DESK CHAIR,DESKCHAIR,LEATHER,LEATHER SEAT,OFFICE CHAIR",https://cdn.shopify.com/s/files/1/0568/0640/8390/products/IMG_8028.jpg?v=1652311552,https://cdn.shopify.com/s/files/1/0568/0640/8390/products/IMG_8029.jpg?v=1652311552,,
X084,"20TH CENTURY, WOOD FRAME OFFICE CHAIR, ORANGE LEATHER SEAT WITH TUFTED FABRIC SEAT PAD, ARMS WITH ORANGE LEATHER ARMRESTS",30.5 H X 22.5 W X 23 D,"DARK WOOD, ORANGE","WOOD, LEATHER, BLENDED FABRIC",60,X4,"CLIENT,OFFICE,CLIENT CHAIR,DESK,DESK CHAIR,DESKCHAIR,OFFICE CHAIR",https://cdn.shopify.com/s/files/1/0568/0640/8390/products/IMG_8031.jpg?v=1652312114,https://cdn.shopify.com/s/files/1/0568/0640/8390/products/IMG_8032.jpg?v=1652312113,,
X078,"LIGHT WOOD PODIUM DESK, SINGLE DRAWER, TRESTLE BASE, SLANTED SURFACE WITH RAISED TRIM AT BASE, BACKSPLASH, DOVETAIL JOINERY",48 H X 36 W X 28 D,LIGHT WOOD,WOOD,90,X1,"TRESTLE BASE,DESK,DOVETAIL,PODIUM,PODIUM DESK,SMALL DESK,SMALL DESKS,WOOD",https://cdn.shopify.com/s/files/1/0568/0640/8390/products/IMG_7987.jpg?v=1652304546,https://cdn.shopify.com/s/files/1/0568/0640/8390/products/IMG_7986.jpg?v=1652304547,https://cdn.shopify.com/s/files/1/0568/0640/8390/products/IMG_7989.jpg?v=1652304546,
RTD030,20TH CENTURY,49.5H X 50W X 32D,MEDIUM NATURAL,WOOD,360,X1,"20TH CENTURY,DESK,LAWYER,LIGHT,OAK,OFFICE,ROLLTOP,SCHOOL",https://cdn.shopify.com/s/files/1/0568/0640/8390/products/dLf6vBF.jpg?v=1622746586,,,
RTD031,20TH CENTURY,53H X 54W X 33D,MEDIUM NATURAL,WOOD,360,X1,"20TH CENTURY,DESK,LAWYER,LIGHT,OAK,OFFICE,ROLLTOP,SCHOOL",https://cdn.shopify.com/s/files/1/0568/0640/8390/products/iZiOX9N.jpg?v=1622746590,,,
RTD032,20TH CENTURY,46H X 47W X 27D,MEDIUM NATURAL,WOOD,360,X1,"20TH CENTURY,DARK,DESK,LAWYER,MEDIUM,OAK,OFFICE,ROLLTOP,SCHOOL",https://cdn.shopify.com/s/files/1/0568/0640/8390/products/qAluX0B.jpg?v=1622746593,,,
RTD033,20TH CENTURY,44.5H X 42W X 48D,MEDIUM NATURAL,WOOD,330,X1,"20TH CENTURY,CARVED,DESK,MEDIUM,OAK,OFFICE,ROLLTOP",https://cdn.shopify.com/s/files/1/0568/0640/8390/products/Xs15Efj.jpg?v=1622746598,,,
RTD035,EARLY- MID 20TH CENTURY,55H X 55W X 33D,MEDIUM NATURAL,WOOD,450,X1,"20TH CENTURY,CARVED,DESK,MEDIUM,OAK,OFFICE,ROLLTOP",https://cdn.shopify.com/s/files/1/0568/0640/8390/products/FP6mh9i.jpg?v=1622746602,,,
RTD037,EARLY- MID 20TH CENTURY,47H X 42W X 24.5D,MEDIUM NATURAL,WOOD,225,X1,"20TH CENTURY,BRASS,DARK,DESK,OAK,OFFICE,ROLLTOP",https://cdn.shopify.com/s/files/1/0568/0640/8390/products/dtFtq32.jpg?v=1622746606,,,
SECD34,"MIDCENTURY, 20TH CENTURY",29.5H X 42W X 24D,MEDIUM NATURAL,WOOD,120,X1,"DESK,DRAWERS,FLIP DOWN,LIGHT STAIN,MID CENTURY,OFFICE,ROLL TOP,STUDY,TEAK",https://cdn.shopify.com/s/files/1/0568/0640/8390/products/AtNbT12.jpg?v=1624308100,,,
X235,"MIDCENTURY, 20TH CENTURY",39H X 36W X 18D,DARK,WOOD,180,X1,"DESK,DRAWERS,FLIP DOWN,MID CENTURY,OFFICE,ROLL TOP,STUDY",https://cdn.shopify.com/s/files/1/0568/0640/8390/products/IMG_1006.jpg?v=1664911106,https://cdn.shopify.com/s/files/1/0568/0640/8390/products/IMG_1007.jpg?v=1664911106,https://cdn.shopify.com/s/files/1/0568/0640/8390/products/IMG_1009.jpg?v=1664911106,
SHD17,20TH CENTURY,29.5H X 60W X 34D,LIGHT,"WOOD (OAK), METAL",180,X1,"BRASS,DESK,LIGHT,OAK,PROFESSOR,SCHOOL,SCHOOLHOUSE,TEACHER",https://cdn.shopify.com/s/files/1/0568/0640/8390/products/9ww6yOT.jpg?v=1622757161,,,
SHD18,20TH CENTURY,30.5H X 60.5W X 34.5D,LIGHT,"WOOD (OAK), METAL",180,X1,"BRASS,DESK,LIGHT,OAK,PROFESSOR,SCHOOL,SCHOOLHOUSE,TEACHER",https://cdn.shopify.com/s/files/1/0568/0640/8390/products/A7ZssTR.jpg?v=1622757166,,,
SHD19,20TH CENTURY,30.5H X 66W X 36D,"MEDIUM, BRASS","WOOD, METAL",180,X1,"DESK,MEDIUM,OAK,PROFESSOR,SCHOOL,SCHOOLHOUSE,TEACHER",https://cdn.shopify.com/s/files/1/0568/0640/8390/products/JcGQfkS.jpg?v=1622757170,,,
SHD20,20TH CENTURY,30.5H X 66W X 38D,"MEDIUM, BRASS","WOOD (WALNUT), METAL",180,X1,"DESK,MEDIUM,OAK,PROFESSOR,SCHOOL,SCHOOLHOUSE,TEACHER",https://cdn.shopify.com/s/files/1/0568/0640/8390/products/bvjISzu.jpg?v=1622757174,,,
SHD21,"20TH CENTURY, 60S",31H X 60W X 34D,LIGHT,"WOOD (OAK), METAL",180,X1,"BRASS,DESK,LIGHT,OAK,PROFESSOR,SCHOOL,SCHOOLHOUSE,TEACHER",https://cdn.shopify.com/s/files/1/0568/0640/8390/products/k19uuuR.jpg?v=1622757178,,,
SHD22,20TH CENTURY,30.5H X 60W X 34D,"LIGHT, BRASS","WOOD (OAK), METAL",180,X1,"BRASS,DESK,LIGHT,OAK,PROFESSOR,SCHOOL,SCHOOLHOUSE,TEACHER",https://cdn.shopify.com/s/files/1/0568/0640/8390/products/FThp4SG.jpg?v=1622757182,,,
SHD23,20TH CENTURY,30.5H X 60W X 34.5D,"MEDIUM, BRASS","WOOD (OAK), METAL",180,X1,"DESK,MEDIUM,OAK,PROFESSOR,SCHOOL,SCHOOLHOUSE,TEACHER",https://cdn.shopify.com/s/files/1/0568/0640/8390/products/LmbpK5D.jpg?v=1622757186,,,
SHD24,20TH CENTURY,30.5H X 60W X 36D,LIGHT,"WOOD (OAK), METAL",240,X1,"BRASS,DESK,LIGHT,OAK,PROFESSOR,SCHOOL,SCHOOLHOUSE,TEACHER",https://cdn.shopify.com/s/files/1/0568/0640/8390/products/3Mme6UX.jpg?v=1622757192,,,
SHD25,20TH CENTURY,30.5H X 66W X 38D,"MEDIUM, BRASS","OAK, METAL",240,X1,"BRASS,DESK,LIGHT,OAK,PROFESSOR,SCHOOL,SCHOOLHOUSE,TEACHER",https://cdn.shopify.com/s/files/1/0568/0640/8390/products/o4wYM0S.jpg?v=1622757196,,,
SHD26,20TH CENTURY,31H X 66W X 36D,"DARK, BRASS","WOOD (OAK), METAL",180,X1,"DARK,DESK,OAK,PROFESSOR,SCHOOL,SCHOOLHOUSE,TEACHER",https://cdn.shopify.com/s/files/1/0568/0640/8390/products/MeAqfyO.jpg?v=1622757200,,,
SHD27,20TH CENTURY,31H X 60W X 36D,"MEDIUM, BRASS","WOOD (OAK), METAL",180,X1,"BRASS,DESK,LIGHT,OAK,PROFESSOR,SCHOOL,SCHOOLHOUSE,TEACHER",https://cdn.shopify.com/s/files/1/0568/0640/8390/products/1M60f4R.jpg?v=1622757204,,,
SHD28,20TH CENTURY,30H X 60.5W X 34.5D,"LIGHT, BRASS","WOOD (OAK), METAL",180,X1,"BRASS,DESK,LIGHT,OAK,PROFESSOR,SCHOOL,SCHOOLHOUSE,TEACHER",https://cdn.shopify.com/s/files/1/0568/0640/8390/products/w7BeLsX.jpg?v=1622757209,,,
SHD29,20TH CENTURY,30.5H X 60.5W X 34.5D,"LIGHT, BRASS","WOOD (OAK), METAL",180,X1,"BRASS,DESK,LIGHT,OAK,PROFESSOR,SCHOOL,SCHOOLHOUSE,TEACHER",https://cdn.shopify.com/s/files/1/0568/0640/8390/products/TPvdb1E.jpg?v=1622757213,,,
SHD30,20TH CENTURY,42H X 30W X 33D,MEDIUM WOOD,"WOOD (OAK), METAL",160,X1,"DARK,DESK,SCHOOL,SCHOOLHOUSE,SPUN",https://cdn.shopify.com/s/files/1/0568/0640/8390/products/eIYQmrI.jpg?v=1622757218,,,
SHD31,20TH CENTURY,30.5H X 50W X 30D,"MEDIUM WOOD, BRASS HANDLES","WOOD (OAK), METAL",90,X1,"DARK,DESK,OAK,SCHOOL,SINGLE PEDESTAL,SMALL DESK",https://cdn.shopify.com/s/files/1/0568/0640/8390/products/1ckRSBE.jpg?v=1622757224,,,
SHD32,20TH CENTURY,42H X 30W X 33D,MEDIUM WOOD,"WOOD (OAK), METAL",105,X1,"DESK,LIGHT,OAK,SCHOOL,SINGLE PEDESTAL,SMALL DESK",https://cdn.shopify.com/s/files/1/0568/0640/8390/products/HuQMk0p.jpg?v=1622757228,,,
SHD33,RUSTIC,33.5H X 47W X 35D,MEDIUM WOOD,WOOD,80,X1,"BENCH,DESK,FARM,RUSTIC,SCHOOL,SEATING",https://cdn.shopify.com/s/files/1/0568/0640/8390/products/Wn4RGwN.jpg?v=1622757234,,,
SECD01,,27.5 W X 16.5 D X 45.5 H,NATURAL WOOD,WOOD,90,X1,"DESK,DRAWERS,FLIP DOWN,OAK,OFFICE,SECRETARY,SECRETARY DESK,STUDY",https://cdn.shopify.com/s/files/1/0568/0640/8390/products/qVkqzLW.jpg?v=1624307953,,,
SECD02,,38 W X 20.5 D X 41.5 H,NATURAL WOOD,WOOD,270,X1,"BALL AND CLAW,DESK,DRAWERS,FLIP DOWN,MAHOGANY,OFFICE,RED,SECRETARY DESK,SLANT TOP DESK,STUDY",https://cdn.shopify.com/s/files/1/0568/0640/8390/products/CMBYyCe.jpg?v=1624307961,,,
SECD03,,33 W X 17.5 D X 72 H,NATURAL WOOD,WOOD/ GLASS,300,X1,"HUTCHES,BROWN,DESK,DRAWERS,FLIP DOWN,GLASS,HUTCH,MAHOGANY,MEDIUM STAIN,OFFICE,SECRETARY DESK,STUDY",https://cdn.shopify.com/s/files/1/0568/0640/8390/products/3SdnFZC.jpg?v=1624307969,,,
SECD04,,31.5 W X 17 D X 79 H,NATURAL WOOD,WOOD/ GLASS,330,X1,"HUTCHES,DARK,DESK,DRAWERS,FLIP DOWN,GLASS,HUTCH,MEDIUM,OFFICE,SECRETARY DESK,SPUN,STUDY,WALNUT",https://cdn.shopify.com/s/files/1/0568/0640/8390/products/jG75IXX.jpg?v=1624308042,,,
SECD05,,42 W X 18.5 D X 44.5 H,NATURAL WOOD,WOOD/ GLASS,330,X1,"19TH CENTURY,DESK,EXECUTIVE,FLIP DOWN,OFFICE,RED,SECRETARY DESK,SLANT TOP DESK,SPUN,STUDY",https://cdn.shopify.com/s/files/1/0568/0640/8390/products/S5PcYtR.jpg?v=1624308081,,,
SECD06,,43 W X 21 D X 86 H,DARK MAHOGANY,WOOD,330,X1,"HUTCHES,BRASS,DESK,EXECUTIVE,FLIP DOWN,HUTCH,OFFICE,RED,SECRETARY,SECRETARY DESK,STUDY",https://cdn.shopify.com/s/files/1/0568/0640/8390/products/E4vPo0T.jpg?v=1624308087,,,
SECD07,,40.5 W X 18.5 D X 82 H,NATURAL WOOD,WOOD,330,X1,"HUTCHES,DESK,EXECUTIVE,FLIP DOWN,GLASS,HUTCH,INLAY,MEDIUM,OFFICE,SECRETARY,SECRETARY DESK,STUDY",https://cdn.shopify.com/s/files/1/0568/0640/8390/products/hoN3iNn.jpg?v=1624308094,,,
SECD42,LATE 19TH CENTURY,34H X 32W X 22.5D,MEDIUM DARK,WOOD,150,X1,"19TH CENTURY,FLIP DOWN,DARK,DESK,MEDIUM,SECRETARY DESK,SLANT TOP DESK,SPUN",https://cdn.shopify.com/s/files/1/0568/0640/8390/products/ro1vl7A.jpg?v=1624308117,,,
SECD43,"FLIP DOWN SECRETARY, ORNATE, CARVED, QUEEN ANNE LEGS, SMALL MIRROR",60H X 32.5W X 18D,MEDIUM DARK,WOOD,200,X1,"FLIP DOWN,CARVED,DESK,LIGHT,MEDIUM,MIRROR,OFFICE,ORNATE,QUEEN ANNE,SECRETARY DESK,SLANT TOP DESK,STUDY",https://cdn.shopify.com/s/files/1/0568/0640/8390/products/SdbatvF.jpg?v=1624308124,,,
X016,"SECRETARY DESK, DARK OAK, ARTS AND CRAFTS, GLASS",,DARK WOOD,WOOD/ GLASS,210,X1,"ARTS AND CRAFTS,DARK,DESK,GLASS,LEADED GLASS,OAK,OFFICE,SECRETARY DESK,SLANT TOP DESK,STUDY",https://cdn.shopify.com/s/files/1/0568/0640/8390/products/IMG_7468.jpg?v=1651863583,https://cdn.shopify.com/s/files/1/0568/0640/8390/products/IMG_7469.jpg?v=1651863583,https://cdn.shopify.com/s/files/1/0568/0640/8390/products/IMG_7470.jpg?v=1651863583,
SMD041,"20TH CENTURY, SHIPPING DESK",40H X 72W X 32D,"LIGHT, WORN",WOOD,180,X1,"19TH CENTURY,20TH CENTURY,DRAFTING TABLES,DESK,LIGHT,LOADING,SHIPPING,TRESTLE,WORKBENCH",https://cdn.shopify.com/s/files/1/0568/0640/8390/products/SLSj0hG.jpg?v=1622761288,,,
SMD036,"18TH _ 19TH CENTURY, MINI-DESK",29.5H X 55W X 33D,"DARK, METAL","WOOD, METAL",150,X1,"BRASS,DARK,DESK,LEATHER,PARTNER",https://cdn.shopify.com/s/files/1/0568/0640/8390/products/uNuGb1K.jpg?v=1622761274,,,
SMD039,"18TH _ 19TH CENTURY, DRAWING DESK",30H X 47W X 24D,DARK,"WOOD, METAL",145,X1,"18TH CENTURY,19TH CENTURY 20TH CENTURY,DESK,DRAWING,RED",https://cdn.shopify.com/s/files/1/0568/0640/8390/products/xSKpmcv.jpg?v=1622761277,,,
SMD043,19TH _ 20TH CENTURY,32.5H X 54W X 29D,"LIGHT, BRASS",WOOD,180,X1,"19TH CENTURY,20TH CENTURY,BRASS,DESK,LIGHT,SPUN",https://cdn.shopify.com/s/files/1/0568/0640/8390/products/L23XTxF.jpg?v=1622761294,,,
SMD044,"19TH _ 20TH CENTURY, COLONIAL",32H X 41W X 21D,"DARK, WICKER LIGHT",WOOD,105,X1,"19TH CENTURY,20TH CENTURY,COLONIAL,DARK,DESK,WICKER,WOOD",https://cdn.shopify.com/s/files/1/0568/0640/8390/products/5DDlhOE.jpg?v=1622761299,,,
SMD045,"20TH CENTURY. WORN, RUSTIC",29H X 43W X 23D,LIGHT,WOOD (TEAK LUMBER),90,X1,"20TH CENTURY,COUNTRY,COWBOY,DESK,LIGHT,RUSTIC,TEAK",https://cdn.shopify.com/s/files/1/0568/0640/8390/products/PYQVVKW.jpg?v=1622761307,,,
SMD046,"19TH _ 20TH CENTURY, VICTORIAN, WASHSTAND",40H X 41W X 21D,BROWN,"WICKER, GLASS",105,X1,"19TH CENTURY,20TH CENTURY,BROWN,DESK,GLASS,VICTORIAN,WASHSTAND,WICKER",https://cdn.shopify.com/s/files/1/0568/0640/8390/products/GPwOHar.jpg?v=1622761313,,,
SMD048,"20TH CENTURY, COLONIAL (SOUTH PACIFIC)",30H X 36W X 24D,DARK,"WOOD (OAK), WICKER",90,X1,"20TH CENTURY,COLONIAL,DESK,MEDIUM,WICKER,WOOD",https://cdn.shopify.com/s/files/1/0568/0640/8390/products/gdjQ28P.jpg?v=1622761328,,,
SMD049,20TH CENTURY,30H X 32.5W X 20D,DARK,WOOD (MAHOGANY),90,X1,"20TH CENTURY,BACKSPLASH,DARK,DESK,FLUTED,MAHOGANY",https://cdn.shopify.com/s/files/1/0568/0640/8390/products/g7N40yN.jpg?v=1622761336,,,
SMD050,"19TH _ 20TH CENTURY, SHELF",29H X 34W X 20D,DARK,WOOD (OAK),90,X1,"19TH CENTURY,20TH CENTURY,DARK,DESK,OFFICE,SHELF,WOOD",https://cdn.shopify.com/s/files/1/0568/0640/8390/products/mgoVlPW.jpg?v=1622761346,,,
SMD051,18TH _ 20TH CENTURY,30H X 30.5W X 23D,DARK,"WOOD (OAK), WICKER",120,X1,"18TH CENTURY,19TH CENTURY,20TH CENTURY,DESK,GLOSS,RED,SPUN,TRESTLE",https://cdn.shopify.com/s/files/1/0568/0640/8390/products/KfVmWpp.jpg?v=1622761353,,,
SMD052,"18TH -20TH CENTURY, WASHSTAND",31.5H X 36W X 19D,BLACK,"WOOD (OAK), WICKER",180,X1,"18TH CENTURY,19TH CENTURY,20TH CENTURY,BLACK,CARVED,CASTLE,DESK,WASHSTAND",https://cdn.shopify.com/s/files/1/0568/0640/8390/products/EYXBife.jpg?v=1622761359,,,
SMD053,"19TH _ 20TH CENTURY, COLONIAL",30H X 34W X 21D,LIGHT,"WOOD (BIRD_S EYE MAPLE), BAMBOO",145,X1,"19TH CENTURY,20TH CENTURY,BAMBOO,BIRDS EYE MAPLE,COLONIAL,DESK,LIGHT,TRESTLE",https://cdn.shopify.com/s/files/1/0568/0640/8390/products/d8tvhXX.jpg?v=1622761382,,,
SMDO54,"18TH _ 20TH CENTURY, NEOCLASSICAL",30H X 44W X 26D,LIGHT,"WOOD (MAHOGANY), METAL",180,X1,"18TH CENTURY,19TH CENTURY,20TH CENTURY,DESK,MAHOGANY,NEOCLASSICAL,OFFICE",https://cdn.shopify.com/s/files/1/0568/0640/8390/products/LHUpsvn.jpg?v=1622761452,,,
SMD055,18TH _ 20TH CENTURY,29.5H X 42W X 27D,RED MEDIUM STAIN,WOOD (MAHOGANY),180,X1,"18TH CENTURY,19H CENTURY 20TH CENTURY,COLUMN,DESK,FLUTED,MAHOGANY,RED",https://cdn.shopify.com/s/files/1/0568/0640/8390/products/VH2PTDr.jpg?v=1622761457,,,
SMD056,"19TH _ 20TH CENTURY, COUNTRY",30.5H X 45W X 29D,LIGHT,"WOOD (OAK), CANE",180,X1,"19TH CENTURY,20TH CENTURY,CANE,DESK,LIGHT,OAK",https://cdn.shopify.com/s/files/1/0568/0640/8390/products/rJRX0jp.jpg?v=1622761464,,,
SMD057,20TH CENTURY,31H X 36.5W X 20.5D,LIGHT,WOOD (OAK),60,X1,"COURTROOM,DESK,LIBRARY,OAK,SCHOOL",https://cdn.shopify.com/s/files/1/0568/0640/8390/products/cpe21ne.jpg?v=1622761468,,,
SMD058,20TH CENTURY,30.5H X 36W X 20D,MEDIUM,WOOD (OAK),60,X1,"COURTROOM,DESK,LIBRARY,OAK,SCHOOL",https://cdn.shopify.com/s/files/1/0568/0640/8390/products/aMLzBcw.jpg?v=1622761478,,,
SMD063,20TH CENTURY,29H X 54W X 27D,MEDIUM,WOOD,300,X1,"20TH CENTURY,DESK,TRESTLE",https://cdn.shopify.com/s/files/1/0568/0640/8390/products/NfYAiYl.jpg?v=1622761484,,,
SMD064,CONSOLE/ DESK WITH LOWER SHELF SCROLLED FEET,28.5H X 44W X 26D,DARK WOOD OPAQUE,WOOD,210,X1,"CONSOLE,DARK,DESK,SCROLL",https://cdn.shopify.com/s/files/1/0568/0640/8390/products/DJDvZNC.jpg?v=1622761491,,,
SMD065,SMALL DESK WITH DRAWERS FLUTED LEGS WITH CASTORS,31H X 36W X 23.5D,OAK,WOOD,210,X1,"CASTORS,DESK,EXECUTIVE,FLUTED,LIGHT,OFFICE",https://cdn.shopify.com/s/files/1/0568/0640/8390/products/pNMIw1S.jpg?v=1622761496,,,
X001,"1880-1920, ARTS &AMP; CRAFTS / MISSION",29.5H X 40W X 23.5D,OAK,WOOD,120,X1,"ARTS AND CRAFTS,DESK,MISSION,OAK,SMALL DESK",https://cdn.shopify.com/s/files/1/0568/0640/8390/products/IMG_7408.jpg?v=1651862555,https://cdn.shopify.com/s/files/1/0568/0640/8390/products/IMG_7409_7c528387-9d35-4fe2-925f-ebe1caf6caab.jpg?v=1651862555,https://cdn.shopify.com/s/files/1/0568/0640/8390/products/IMG_7410.jpg?v=1651862555,
X004,"1880-1920, ARTS &AMP; CRAFTS / MISSION",29H X 28W X 46D,OAK,WOOD,150,X1,"ARTS AND CRAFTS,DESK,MISSION,OAK,SMALL DESK",https://cdn.shopify.com/s/files/1/0568/0640/8390/products/IMG_7423.jpg?v=1651862791,https://cdn.shopify.com/s/files/1/0568/0640/8390/products/IMG_7424.jpg?v=1651862791,https://cdn.shopify.com/s/files/1/0568/0640/8390/products/IMG_7425.jpg?v=1651862791,
X005,"1880-1920, ARTS &AMP; CRAFTS / MISSION",30.5H X 38.5W X 24.5D,OAK,WOOD,120,X1,"ARTS AND CRAFTS,DESK,MISSION,OAK,SMALL DESK",https://cdn.shopify.com/s/files/1/0568/0640/8390/products/IMG_7403_0e02046f-6fb4-4501-85e7-ce0f7a053f75.jpg?v=1651862466,https://cdn.shopify.com/s/files/1/0568/0640/8390/products/IMG_7404.jpg?v=1651862466,https://cdn.shopify.com/s/files/1/0568/0640/8390/products/IMG_7405_3a46f65b-c6a5-4982-9d40-234f98f6dee7.jpg?v=1651862467,
X006,"1880-1920, ARTS &AMP; CRAFTS / MISSION",31H X 38W X 26.5D,OAK,WOOD,120,X1,"ARTS AND CRAFTS,DESK,MISSION,OAK,SMALL DESK",https://cdn.shopify.com/s/files/1/0568/0640/8390/products/IMG_7427.jpg?v=1651862865,https://cdn.shopify.com/s/files/1/0568/0640/8390/products/IMG_7428.jpg?v=1651862865,https://cdn.shopify.com/s/files/1/0568/0640/8390/products/IMG_7429.jpg?v=1651862865,
X007,"1880-1920, ARTS &AMP; CRAFTS / MISSION",29H X 38W X 24D,OAK,WOOD,120,X1,"ARTS AND CRAFTS,DESK,MISSION,OAK,SMALL DESKS",https://cdn.shopify.com/s/files/1/0568/0640/8390/products/IMG_7436.jpg?v=1651863017,https://cdn.shopify.com/s/files/1/0568/0640/8390/products/IMG_7437.jpg?v=1651863016,https://cdn.shopify.com/s/files/1/0568/0640/8390/products/IMG_7438.jpg?v=1651863016,
X008,"1880-1920, ARTS &AMP; CRAFTS / MISSION",31H X 36W X 24D,OAK,WOOD,120,X1,"ARTS AND CRAFTS,DESK,MISSION,OAK,SMALL DESK",https://cdn.shopify.com/s/files/1/0568/0640/8390/products/IMG_7412.jpg?v=1651862645,https://cdn.shopify.com/s/files/1/0568/0640/8390/products/IMG_7413.jpg?v=1651862645,https://cdn.shopify.com/s/files/1/0568/0640/8390/products/IMG_7414.jpg?v=1651862645,
X013,"1880-1920, ARTS &AMP; CRAFTS / MISSION",37.5H X 33W X 18.5D,OAK,WOOD,20,X1,"ARTS AND CRAFTS,DESK,MISSION,OAK,SMALL DESK",https://cdn.shopify.com/s/files/1/0568/0640/8390/products/IMG_7431.jpg?v=1651862950,https://cdn.shopify.com/s/files/1/0568/0640/8390/products/IMG_7432.jpg?v=1651862949,https://cdn.shopify.com/s/files/1/0568/0640/8390/products/IMG_7433.jpg?v=1651862949,https://cdn.shopify.com/s/files/1/0568/0640/8390/products/IMG_7434.jpg?v=1651862950
X426,1880-1920,28.5H X W32 X 23D,OAK,WOOD,150,X1,"DESK,OAK,SMALL DESK",https://cdn.shopify.com/s/files/1/0568/0640/8390/products/IMG_6357.jpg?v=1678228182,https://cdn.shopify.com/s/files/1/0568/0640/8390/products/IMG_6358.jpg?v=1678228183,,
X427,1880-1920,30H X 36W X 25D,OAK,WOOD,150,X1,"DESK,OAK,SMALL DESK",https://cdn.shopify.com/s/files/1/0568/0640/8390/products/IMG_6360.jpg?v=1678228307,https://cdn.shopify.com/s/files/1/0568/0640/8390/products/IMG_6361.jpg?v=1678228307,,
VD03,6 DRAWERS,44 W X 18 D X 65 H,MAHOGANY,WOOD,210,X1,"BEDROOM,BRASS,DESK,MAHOGANY,MIRROR,VANITY",https://cdn.shopify.com/s/files/1/0568/0640/8390/products/Env1J11.jpg?v=1622762720,,,
VD04,1 LARGE DRAWER,34 W X 19 D X 55 H,MEDIUM STAIN,WOOD,180,X1,"BEDROOM,DESK,MIRROR,RED,VANITY",https://cdn.shopify.com/s/files/1/0568/0640/8390/products/lDdzlQa.jpg?v=1622762726,,,
VD06,6 DRAWERS,45 W X 18 D X 63 H,MEDIUM STAIN,WOOD,145,X1,"BEDROOM,DECO,DESK,MEDIUM,MIRROR,VANITY",https://cdn.shopify.com/s/files/1/0568/0640/8390/products/kmZaP1K.jpg?v=1622762740,,,
VD07,7 DRAWERS,48 W X 18 D X 64 H,MEDIUM STAIN,WOOD/ BRASS,150,X1,"BEDROOM,DECO,DESK,MEDIUM,MIRROR,VANITY",https://cdn.shopify.com/s/files/1/0568/0640/8390/products/IaBo1fa.jpg?v=1622762747,,,
VD09,"VICTORIAN, CARVED",48 W X 22 D X 67 H,MEDIUM STAIN,WOOD,240,X1,"BEDROOM,CARVED,DESK,MEDIUM,MIRROR,RED,VANITY,VICTORIAN",https://cdn.shopify.com/s/files/1/0568/0640/8390/products/unj04AU.jpg?v=1622762755,,,
VD10,,48 W X 19.5 D X 60 H,MEDIUM STAIN,WOOD,180,X1,"BEDROOM,DESK,LIGHT,MIRROR,SHEILD,VANITY",https://cdn.shopify.com/s/files/1/0568/0640/8390/products/QBx9FG7.jpg?v=1622762760,,,
